{
  "height": 82.742409402546528,
  "width": 191.81194906953968,
  "x": 1063.1145935357492,
  "y": 0,
  "z": 8000
}