{
  "height": 38.863858961802158,
  "width": 136.65034280117533,
  "x": 1139.5886385896181,
  "y": 680.74436826640556,
  "z": 2000
}