{
  "height": 80.235063663075422,
  "width": 165.48481880509306,
  "x": 577.94319294809009,
  "y": 0,
  "z": 6000
}