{
  "height": 63.937316356513229,
  "width": 521.5279138099902,
  "x": 18.805093046033303,
  "y": 12.536728697355535,
  "z": 1000
}