{
  "height": 81.488736532810975,
  "width": 161.72380019588638,
  "x": 898.88344760039183,
  "y": 0,
  "z": 8000
}