{
  "height": 138.06818181818181,
  "width": 136.47058823529412,
  "x": 10.352941176470589,
  "y": 92.045454545454547,
  "z": 2000
}