{
  "height": 81.488736532810975,
  "width": 169.24583741429973,
  "x": 730.89128305582767,
  "y": 0,
  "z": 5000
}