{
  "height": 429.87124463519314,
  "width": 560.34334763948493,
  "x": 545.23605150214587,
  "y": 37.081545064377679,
  "z": 0
}