{
  "height": 280.822722820764,
  "width": 524.03525954946133,
  "x": 152.94809010773753,
  "y": 107.8158667972576,
  "z": 10000
}