{
  "height": 33.84916748285994,
  "width": 136.65034280117533,
  "x": 1134.5739471106758,
  "y": 679.49069539666993,
  "z": 0
}