{
  "height": 62.38636363636364,
  "width": 510.11764705882354,
  "x": 9.4117647058823533,
  "y": 0,
  "z": 0
}