{
  "height": 229.42213516160629,
  "width": 584.21155729676786,
  "x": 681.99804113614107,
  "y": 477.64936336924586,
  "z": 1000
}