{
  "height": 384.87757100881493,
  "width": 165.48481880509306,
  "x": 0,
  "y": 82.742409402546528,
  "z": 3000
}