{
  "height": 142.91870714985311,
  "width": 150.44074436826642,
  "x": 0,
  "y": 493.94711067580806,
  "z": 4000
}